,0,1,2,3,4,5,6,7,8,9
0,knpfertafeln,insmo,schrifthochdeutsche,abugan,felbigen,divinatorischc,nachspürereien,vrckolurmn,eichholtz'schen,oatnolioi
1,kritischeren,wurzelsepp,programmentwerfer,zusammengebundeue,stig-freundliches,numische,waldgebiets,bridgma,kvmvonibel,rogoschkirchhof
2,ciiirt,nugeboteu,dorfschulzentalenten,vicht»rf,beteiligteu,zrnagorcr,stanbaufwirbelnden,bediententischchen,mage,finanzwirtschnft
3,delegierreu,mülinen,fremdentruppen,vernunftgemäßer,carmeliter-fort,vip,honoris,wtttgenstetn,kopeuhageus,abgcglittcu
4,oldcrshansen,beifallsbczeugungen,aseiliciiiiw,genossenschaftszentralkasse,eintrat,svisqäick,judenchristliche,tolischen,rocuanä,llbrr
5,clwslowakei,oberstenstelle,geheilter,beschatteter,breunende,kinderpostille,uuwegsamen,verbandzeug,verschwürung,pragerjuristen
6,standeögenossen,milcs,öntiinontiz&lt,amoklaufen,geerbt,teichler,mitzubekämpfen,gastspielcyklus,lilunoru,sommerrcise
7,marskugel,rehfeld,zeitungspropaganda,wechselnde,nchmuug,religionscharakter,hügelparticn,viertelstnnde,petersstift,brumiüö
8,brumiüö,schulpfvrta,pydna,schlachziz,petersstift,stiuk-madig,geisteswisseuschaft,landesgemäßen,vergantung,kvntrolirte
9,gvttcrpflanzc,rcmmclman,zerinatt,wohlfahrtsministers,vorbercituugsanftalt,armrcls,opferpfennige,rutheneu,zuuehmende,lctztcs
10,gelungensten,keuizvo,schiffgefängnisse,kozlowskis,vertritt,esscr,unsinnigkeit,steinecke,wisborg,hcimaths
11,diarbetir,simul,lixpischen,comitathaus,bundestagsgesandten,gestaltloser,präcludirtcn,lrunncr,meinungsübereinstimmung,deplorablen
12,llxarchat,vertritt,pations-armee,wildbad,gelungensten,termingeschäften,bojarenstand,dorsenne,plenar-versammlung,wisborg
13,futterzweck,padischahartigen,kvuzessivn,kroatisch,pnblizirung,giös,gestüm,reichencm,durchgefnllen,zettgeschmacke
14,ungeformteu,stiuk-madig,geziertes,pydna,oamorrisw,tresfplätze,cksos,herzensergicßuugcn,lassind,rozana
15,bernstorsss,liders,ansbedungen,dannsre,v/v,oberstenstelle,weisende,großknechts,schiffgefängnisse,kvntrolirte
16,del,nugeboteu,beteiligteu,vicht»rf,dasgesicht,zrnagorcr,johauniterhvspiz,paßangelegenheit,großknechts,brunncrsche
17,gemcg,wankelmüthige,haushaltsberechnung,reichsspiezel,alberts,ansgelernter,strengrichtender,tiei&gt,römerblute,ausbrei
18,bach-agha,altvrthodoxe,aönncr,krcatnren,terenzos,roelosz,ncisch,wegzuschickeu,corrcctivs,st'daß
19,hernn,nibelungenenkels,naturprvceß,lliigedeuteten,iminnern,alewipoeg,fernbleibens,nachthaube,geffteu,versorgnngszweig
20,volaxük,hinanfschleppen,kait,gelungensten,religionscharakter,reichendem,ciiirt,mittelamerikauischeu,agrargcsctzcu,pii&lt
21,herauftönenden,winterwind,ningelreihn,competenzerweiterungs-frage,dezembernachmittage,liiere,harrisons,bllhnhardt,abendlokal,erwärmeu
22,abzuhäuten,markthandel,karthäa,überbot,gelbinstitute,trödlerbanquicrs,hanptgnellen,darsfst,ontario-sees,zrnagorcr
23,bestreiteru,auxiliarcohorten,mecreswellen,bernstorsss,ciiirt,gefilmt,schiffgefängnisse,religionscharakter,kuiistform,karthäa
24,gwarde,neumann-spallart,gehcimmittelverkehrs,burgenfreunde,xöäö,musikbüchern,scharlachmantel,fragesystem,leuchtpistolen,backhause
25,verbandzeug,liders,schlachziz,clwslowakei,zrnagorcr,meclvlins,ausgefunden,hauptregeln,breunende,pragerjuristen
26,spleeuige,petrarkaschülers,tanäon,wlomen,legitimstem,kotzebne,vanclnse,birschee,abschiedes,ooinplomslito
27,staatscamöre,jndividuellseinwollen,maturitätszeugnisse,kleeblattbogen,abgesottenheit,leltunx,schnlbaulast,galvcio,oonäitioiuzl,güterspekulntion
28,schlompelleuportal,mitübertrittes,ethnisch-sprachlichen,losrisse,ölführende,rvquette,hamel,nvthdürftigcn,dya-na,neivcomb
29,gesamtfideikommifses,kesselpauke,zuführungs,zusühven,gansaw's,neisegeschick,meerungeheucr,prvceßrechte,fürstenpensionen,dnngsleben
30,hanptgnellen,seßhaftigkeit,gottesanschanung,lcmdesfragcn,viktoriahotel,wirtschaftsfriedlich,xnraars,centralcongregationen,trenut,evangelienerklnrnng
31,trödlerbanquicrs,steensgaardsche,undeutschesten,oktodortompo,markthandel,eigeuthünllichen,volaxük,überbot,missivria,digerstnhl
32,finanzwirtschnft,desavomert,anpafsungsschema,siegesanleihe,statthalterlichen,voranfge,gegenüberseheu,kongveßpolnischer,hinder,rietschelmusenm
33,vilsu,snkfurt,neichserbschaftsgesetz,historisch-polltschen,bestreiteru,eremitage,nnddieum,dieunternormalbefühigten,vcraulaßt,cü-we
34,bleiben,gesinnungsfahne,wteirratioinrle,plan,goldgeflügelten,auseinandergetricben,nothschreies,fäoen,schulakt,chvrals
35,gorka,karthäa,volaxük,antrichrist,schriebett,hypnotiseure,scharrelmann,schiffgefängnisse,handirer,eisendache
36,dieunternormalbefühigten,dicm,beteiligteu,religionscharakter,hauptregeln,amorilmnisviion,zrnagorcr,liders,öfftiuliche,bluineu
37,neichserbschaftsgesetz,verfos,vesitzens,die'herbeiführung,vrvckhauscn,zeithammer,nullos,künstlerbiographen,kugelfabrik,tuchmachersvhn
38,jaffathor,entlnd,provinzialwinkel,heimgefahren,kicmxo,commun,urmagen,ernsthafterer,dests,vertehrsformen
39,exiase,zettelbankwesens,tempelcultus,restitntionsedikt,osmamscher,beisammenwvhnen,autltöbo,niepenhansensche,theatcrnlten,arbeiteriuuen
